<?xml version="1.0" encoding="UTF-8" standalone="yes"?>
<addon id="plugin.video.thinktv"
       name="PBS ThinkTV"
       version="3.1.0"
       provider-name="t1m">
  <requires>
    <import addon="xbmc.python" version="2.26.0"/>
    <import addon="script.module.t1mlib" version="1.0.18"/>
  </requires>
  <extension point="xbmc.python.pluginsource"
            library="default.py">
        <provides>video</provides>
  </extension>
  <extension point="xbmc.addon.metadata">
    <summary lang="en_GB">PBS ThinkTV</summary>
    <description lang="en_GB">PBS ThinkTV</description>
    <disclaimer lang="en_GB">Feel free to use this script. For information visit the wiki.</disclaimer>
    <platform>all</platform>
    <language>en</language>
    <license>GPL-2.0-or-later</license>
    <forum>http://forum.kodi.tv/showthread.php?tid=216810</forum>
    <website>www.thinktv.org</website>
    <source>https://github.com/learningit/</source>
    <news>Version 3.1.0 Initial Leia Release
    </news>
    <assets>
        <icon>resources/icon.png</icon>
        <fanart>resources/fanart.jpg</fanart>
    </assets>
  </extension>
</addon>
